"strain","alias","chromosome","haplotype","start_position","end_position","founders","status"
"CC001",13140,"1",1,32735313,58371513,"F","0"
"CC002",15156,"1",1,3000355,71200893,"B","2"
"CC003",13067,"1",1,36557400,78615218,"A","1"
"CC004",16188,"1",1,12308785,41212779,"C","1"
"CC005",16211,"1",1,3000355,41669630,"D","2"
"CC006",16750,"1",1,32918648,38619495,"E","0"
"CC006",16750,"1",1,38617193,70851880,"D","2"
"CC007",13421,"1",1,3000355,58098020,"C","1"
"CC008",8036,"1",1,6010860,55861444,"A","1"
"CC008",8036,"1",2,24011614,41738586,"E","0"
"CC009",5489,"1",1,10381382,82088662,"C","1"
"CC010",8018,"1",1,3000355,75994793,"A","1"
"CC011",3252,"1",1,3000355,43289978,"A","1"
"CC012",8005,"1",1,37592690,138634060,"E","0"
"CC013",8010,"1",1,29320442,92994380,"C","1"
"CC014",3415,"1",1,3000355,65087850,"C","1"
"CC015",3154,"1",1,24528086,56011380,"E","0"
"CC016",8024,"1",1,3000355,63191335,"C","1"
"CC017",3032,"1",1,3000355,45188002,"E","0"
"CC018",3609,"1",1,4658505,59766759,"B","2"
"CC019",16513,"1",1,3000355,74103679,"H","1"
"CC020",8054,"1",1,3000355,94179530,"D","2"
"CC021",1566,"1",1,35247304,43743194,"F","0"
"CC022",8046,"1",1,3000355,46982881,"F","0"
"CC023",8043,"1",1,3000355,41975995,"D","2"
"CC024",8004,"1",1,3000355,88609381,"F","0"
"CC025",8008,"1",1,13845450,51892854,"F","0"
"CC026",8026,"1",1,12450076,132626451,"H","1"
"CC027",8027,"1",1,34763185,39071574,"D","2"
"CC027",8027,"1",1,39036913,51147081,"E","0"
"CC028",8016,"1",1,33997752,46982881,"B","2"
"CC029",3564,"1",1,22155137,42092339,"H","1"
"CC029",3564,"1",2,22155137,61452701,"E","0"
"CC030",8034,"1",1,3000355,169604007,"F","0"
"CC031",8031,"1",1,3000355,39689971,"E","0"
"CC031",8031,"1",1,39666648,51999873,"D","2"
"CC032",8002,"1",1,25628045,56309822,"A","1"
"CC033",8033,"1",1,18862104,57845250,"A","1"
"CC034",5080,"1",1,35179348,40178896,"G","2"
"CC034",5080,"1",1,40165424,94223838,"H","1"
"CC035",5035,"1",1,24972045,39576376,"C","1"
"CC035",5035,"1",1,39552535,135335207,"E","0"
"CC036",477,"1",1,22641137,74024229,"B","2"
"CC037",16072,"1",1,32500248,95664401,"D","2"
"CC038",8049,"1",1,3000355,135966603,"C","1"
"CC039",15155,"1",1,3000355,41267984,"D","2"
"CC040",16557,"1",1,35159188,78333109,"F","0"
"CC041",16441,"1",1,25457598,51887395,"C","1"
"CC041",16441,"1",2,3000355,43001830,"D","2"
"CC042",18042,"1",1,35709295,51507002,"H","1"
"CC043",8021,"1",1,3000355,72475179,"H","1"
"CC044",4410,"1",1,22939712,94294008,"H","1"
"CC045",8045,"1",1,0,42344508,"D","2"
"CC046",5346,"1",1,32602614,39144099,"C","1"
"CC046",5346,"1",1,39144099,77480242,"D","2"
"CC047",5612,"1",1,34451456,39689971,"E","0"
"CC047",5612,"1",1,39666648,48786365,"D","2"
"CC049",16296,"1",1,0,42722991,"C","1"
"CC050",867,"1",1,29060311,39689971,"G","2"
"CC050",867,"1",1,39666648,56546069,"E","0"
"CC051",16912,"1",1,28941469,62854647,"H","1"
"CC052",8052,"1",1,3000355,39720119,"H","1"
"CC052",8052,"1",1,39689971,45621895,"F","0"
"CC053",773,"1",1,36135430,58241774,"H","1"
"CC055",16680,"1",1,7152030,38309585,"C","1"
"CC055",16680,"1",1,38309585,59742803,"H","1"
"CC056",8056,"1",1,36524772,165439510,"E","0"
"CC057",3393,"1",1,30823380,132651623,"H","1"
"CC058",5358,"1",1,4436818,134998235,"E","0"
"CC059",16012,"1",1,15064713,62901003,"H","1"
"CC060",3460,"1",1,34609525,40331721,"F","0"
"CC060",3460,"1",1,40331721,92889675,"D","2"
"CC061",8048,"1",1,3000355,59365122,"G","2"
"CC062",5306,"1",1,36782765,51920442,"E","0"
"CC062",5306,"1",2,3000355,51920442,"H","1"
"CC063",5391,"1",1,3000355,107017237,"E","0"
"CC063",5391,"1",2,36840055,72244392,"H","1"
"CC065",5119,"1",1,35629711,156890212,"F","0"
"CC068",16768,"1",1,31408738,94201853,"D","2"
"CC070",16034,"1",1,35701980,42950306,"E","0"
"CC071",16785,"1",1,37547900,92936828,"F","0"
"CC072",16521,"1",1,29110305,64006432,"D","2"
"CC073",1515,"1",1,14218711,61932628,"F","0"
"CC074",3015,"1",1,34515677,63146927,"A","1"
"CC075",3260,"1",1,32951669,80781519,"E","0"
"CC075",3260,"1",2,32951669,64062024,"D","2"
