"strain","alias","chromosome","haplotype","start_position","end_position","founders","status"
"CC075",3260,"1",2,32951669,64062024,"D","2"
"CC075",3260,"1",1,32951669,80781519,"E","0"
"CC063",5391,"1",2,36840055,72244392,"H","1"
"CC063",5391,"1",1,3000355,107017237,"E","0"
"CC062",5306,"1",2,3000355,51920442,"H","1"
"CC062",5306,"1",1,36782765,51920442,"E","0"
"CC055",16680,"1",2,39351824,59742803,"C","1"
"CC055",16680,"1",1,38309585,59742803,"H","1"
"CC052",8052,"1",1,39689971,45621895,"F","0"
"CC052",8052,"1",1,3000355,39720119,"H","1"
"CC050",867,"1",1,39666648,56546069,"E","0"
"CC050",867,"1",1,29060311,39689971,"G","2"
"CC047",5612,"1",1,39666648,48786365,"D","2"
"CC047",5612,"1",1,34451456,39689971,"E","0"
"CC046",5346,"1",1,39144099,77480242,"D","2"
"CC046",5346,"1",1,32602614,39144099,"C","1"
"CC041",16441,"1",2,3000355,43001830,"D","2"
"CC041",16441,"1",1,25457598,51887395,"C","1"
"CC035",5035,"1",1,39552535,135335207,"E","0"
"CC035",5035,"1",1,24972045,39576376,"C","1"
"CC034",5080,"1",1,40165424,94223838,"H","1"
"CC034",5080,"1",1,35179348,40178896,"G","2"
"CC031",8031,"1",1,39666648,51999873,"D","2"
"CC031",8031,"1",1,3000355,39689971,"E","0"
"CC029",3564,"1",2,22155137,61452701,"E","0"
"CC029",3564,"1",1,22155137,42092339,"H","1"
"CC027",8027,"1",1,39036913,51147081,"E","0"
"CC027",8027,"1",1,34763185,39071574,"D","2"
"CC008",8036,"1",2,24011614,41738586,"E","0"
"CC008",8036,"1",1,6010860,55861444,"A","1"
"CC006",16750,"1",1,38617193,70851880,"D","2"
"CC006",16750,"1",1,32918648,38619495,"E","0"
